﻿GID_1,Pro,Value
VNM.1_1,An Giang,12
VNM.2_1,Bac Lieu,53
VNM.3_1,Bac Giang,2592
VNM.4_1,Bac Kan,0
VNM.5_1,Bac Ninh,958
VNM.6_1,Ben Tre,20
VNM.7_1,Ba Ria-Vung Tau,119
VNM.8_1,Binh Dinh,0
VNM.9_1,Binh Duong,48
VNM.10_1,Binh Phuoc,0
VNM.11_1,Binh Thuan,11
VNM.12_1,Can Tho,34
VNM.13_1,Ca Mau,8
VNM.14_1,Cao Bang,0
VNM.15_1,Dak Lak,7
VNM.16_1,Dac Nong,0
VNM.17_1,Dong Nai,32
VNM.18_1,Dong Thap,29
VNM.19_1,Da Nang,656
VNM.20_1,Dien Bien,61
VNM.21_1,Gia Lai,28
VNM.22_1,Hai Duong,816
VNM.23_1,Hai Phong,12
VNM.24_1,Hau Giang,0
VNM.25_1,Ho Chi Minh,532
VNM.26_1,Ha Giang,3
VNM.27_1,Ha Noi,696
VNM.28_1,Ha Nam,53
VNM.29_1,Ha Tinh,13
VNM.30_1,Hoa Binh,33
VNM.31_1,Hung Yen,76
VNM.32_1,Khanh Hoa,142
VNM.33_1,Kien Giang,47
VNM.34_1,Kon Tum,0
VNM.35_1,Lang Son,84
VNM.36_1,Lai Chau,1
VNM.37_1,Lam Dong,0
VNM.38_1,Lao Cai,2
VNM.39_1,Long An,18
VNM.40_1,Nam Dinh,25
VNM.41_1,Nghe An,5
VNM.42_1,Ninh Binh,40
VNM.43_1,Ninh Thuan,12
VNM.44_1,Phu Tho,7
VNM.45_1,Phu Yen,29
VNM.46_1,Quang Binh,0
VNM.47_1,Quang Nam,123
VNM.48_1,Quang Ngai,7
VNM.49_1,Quang Ninh,90
VNM.50_1,Quang Tri,13
VNM.51_1,Soc Trang,19
VNM.52_1,Son La,1
VNM.53_1,Tay Ninh,41
VNM.54_1,Thua Thien Hue,7
VNM.55_1,Thai Binh,63
VNM.56_1,Thai Nguyen,9
VNM.57_1,Thanh Hoa,29
VNM.58_1,Tien Giang,11
VNM.59_1,Tra Vinh,10
VNM.60_1,Tuyen Quang,1
VNM.61_1,Vinh Long,16
VNM.62_1,Vinh Phuc,111
VNM.63_1,Yen Bai,5